ID,KO_sum,Case_KO_Num,Control_KO_Num,NS;Case;Control,zscore_two,zscore_less,zscore_greater,zscore_adj_two,zscore_adj_less,zscore_adj_greater
M00001,14,14,14,14; 0; 0,1.01580122648403,3.496864016706,-3.56970782216126,-0.0185632695250071,1.11766622534028,-1.14501159856816
M00002,7,7,7,7; 0; 0,1.07907744321827,2.62060903308124,-2.67227049951667,0.271949999394194,0.933329546214061,-0.975682783482774
M00003,12,12,12,12; 0; 0,0.370835870799622,1.88555407063825,-1.95290648552425,-0.427500839780336,-0.0483667238321398,0.0368329179903332
M00004,10,10,10,9; 1; 0,0.431256747630861,2.58427790806574,-2.64614371186748,-0.329680505860961,0.710297867421779,-0.686699489305742
M00005,1,1,1,1; 0; 0,1.6409922669565,1.95655754825883,-1.97650710034139,0.910618040144035,1.1642347497974,-1.22629081356947
M00006,5,5,5,5; 0; 0,-1.36849141567459,0.504572613732179,-0.547708116791098,-1.5289915831961,-0.553238357532981,0.552993806928288
M00007,5,5,5,4; 1; 0,1.97838055703907,3.15014825279556,-3.19450420852017,0.943233260694173,1.60809275655227,-1.65117462783515
M00008,6,6,6,6; 0; 0,-0.922704288682255,0.947066738426129,-0.994450210614464,-1.12121478476699,-0.33730715740691,0.328924082623886
M00009,23,23,23,20; 2; 1,1.37402265089094,0.869460834058502,-0.963315167694305,-0.00477829556253938,-1.49979331499691,1.52738849750455
M00010,5,5,5,4; 1; 0,-0.423934225309848,0.630552813852617,-0.674113152120925,-0.831278084880964,-0.450317495147286,0.44772767413483
M00011,22,22,22,20; 1; 1,1.33192618253142,0.120105648498123,-0.211763592923583,0.0133638401142082,-1.99115460978711,2.1160078448576
M00012,6,6,6,6; 0; 0,-1.91872171296985,-0.631824162422212,0.584435365681915,-1.80629136862738,-1.65605738316035,1.68232766827626
M00013,2,2,2,2; 0; 0,-0.410245109040261,0.51886138325472,-0.546194588371896,-0.510543555260825,-0.249381140201323,0.212319981331552
M00014,3,3,3,2; 1; 0,1.73051163261562,1.30845511980985,-1.34263488939923,0.862601983783597,0.277569191021535,-0.325185613051924
M00015,3,3,3,3; 0; 0,-0.0344901390503889,1.2531672293979,-1.28670013847488,-0.444435671743228,0.232411565287424,-0.277811486792248
M00016,12,12,12,9; 2; 1,2.10426701839992,1.48954983436026,-1.55773032772221,0.776225512453801,-0.376732383080488,0.355342944236726
M00017,10,10,10,7; 2; 1,0.369146712327822,0.825928985019747,-0.888012811655259,-0.371479834025843,-0.734666847218032,0.748186051981343
M00018,9,9,9,5; 3; 1,3.17819661037042,2.84110062878251,-2.90076208013378,1.63397057521433,0.920791368959214,-0.954074878529334
M00019,10,10,10,9; 1; 0,0.214236770144329,2.62104737063336,-2.68272516940038,-0.475732415395957,0.740514040838855,-0.716555175527302
M00020,3,3,3,2; 1; 0,2.69118454875669,1.8134407519911,-1.84823077922584,1.57400958472665,0.690027543279729,-0.753401759994552
M00021,3,3,3,3; 0; 0,1.01712712540903,0.236389301467293,-0.270107027138664,0.33431899350176,-0.598064634511133,0.583195483209226
M00022,11,11,11,7; 4; 0,2.55646478685005,3.92501244232824,-3.99119740748508,1.0896206050899,1.74097136875169,-1.76581922903997
M00023,10,10,10,10; 0; 0,-1.64533994427165,0.621389944031529,-0.682363006756175,-1.72720581988529,-0.902751630118946,0.91602562045863
M00024,10,10,10,6; 3; 1,2.70506515996483,1.46381815309824,-1.52708676476809,1.20056599210821,-0.210466372759497,0.226610568026141
M00025,11,11,11,5; 4; 2,3.69336823330484,1.9982436200185,-2.06499938554689,1.88680357581096,0.137318913148407,-0.110727684996983
M00026,13,13,13,9; 4; 0,2.03138839669074,3.25265473593774,-3.32354380203798,0.648390352389479,1.05696466539135,-1.00135595979106
M00027,4,4,4,4; 0; 0,0.247887056601406,0.550096821602,-0.588982243895527,-0.232005878856102,-0.450347491950664,0.504299477257065
M00028,8,8,8,5; 2; 1,2.49700679569756,1.1822839421425,-1.23817725890247,1.18221303644714,-0.309650310207621,0.318260801304713
M00029,4,4,4,3; 1; 0,1.27106903514601,1.29766130046967,-1.33690494961757,0.468597135308959,0.185711215266427,-0.124772154213806
M00030,6,6,6,6; 0; 0,0.964579247147912,1.85298733679085,-1.90175284051201,0.176888768418618,0.419352465475367,-0.448805887812336
M00031,3,3,3,3; 0; 0,-1.55922751267215,-0.478477151523969,0.445022521624656,-1.57355021094939,-1.18194785909287,1.1888768704556
M00032,9,9,9,9; 0; 0,-1.54061685951815,0.752988320369775,-0.812027541095862,-1.73041173631284,-0.776443430073018,0.753784699550031
M00033,5,5,5,3; 1; 1,1.15631636988436,0.117370121913846,-0.161483598000227,0.3360013368783,-0.869567545276253,0.874629423555787
M00034,13,13,13,11; 2; 0,-0.772217913710715,2.74774764596599,-2.82054250780224,-1.47300407176123,0.622503208601263,-0.59809429094648
M00035,4,4,4,2; 2; 0,2.51302525836164,3.20099575332965,-3.24118864374816,1.3190013563485,1.80514670974257,-1.72644949478021
M00036,9,9,9,9; 0; 0,0.12083442315577,1.62205897259012,-1.68222015404767,-0.545843339498407,-0.0700556808014098,0.0422693006194424
M00037,1,1,1,1; 0; 0,-1.59569795051219,-0.0891467606737559,0.0693363694129201,-1.28187102731406,-0.543771973810452,0.503889443054042
M00038,1,1,1,1; 0; 0,1.29970151876457,1.66031228881994,-1.67973114599912,0.679432420279369,0.916892603256878,-0.975305875359476
M00039,2,2,2,2; 0; 0,-2.01228205747549,0.137857760317892,-0.165441439145357,-1.5552988615861,-0.56689684074074,0.524442474262216
M00040,2,2,2,2; 0; 0,0.0908705166823875,0.647717151393166,-0.675398152259202,-0.183745094359151,-0.141997044549805,0.106405326290739
M00042,1,1,1,1; 0; 0,-1.59569795051219,-0.0891467606737559,0.0693363694129201,-1.28187102731406,-0.543771973810452,0.503889443054042
M00044,4,4,4,4; 0; 0,-1.53974648452379,0.691532861687597,-0.730886276954032,-1.45605152605988,-0.330007872621755,0.384945163094037
M00045,4,4,4,4; 0; 0,-2.5519213011594,0.42376016756001,-0.462284660749212,-2.1491176103605,-0.557839930550473,0.610863771566495
M00046,4,4,4,4; 0; 0,0.0785948655696425,1.60919534840127,-1.64829139917201,-0.347925257616241,0.450777238844247,-0.386676733845507
M00047,1,1,1,0; 1; 0,1.86942182501126,2.15987851713868,-2.18126345295193,1.06535305494907,1.3339922168863,-1.39945430527469
M00048,13,13,13,12; 1; 0,0.515732696363249,0.000360337215965178,-0.0705722072236781,-0.498455244183092,-1.74156320328638,1.60658713908699
M00049,7,7,7,7; 0; 0,-0.591044264052263,0.918592037258088,-0.96984063240782,-0.817912604983575,-0.459551053617566,0.433973866295179
M00050,7,7,7,6; 1; 0,0.981470787107004,1.84688422720565,-1.89860352113663,0.208255333328283,0.300135944530087,-0.335066202525367
M00051,8,8,8,7; 1; 0,0.552963808216658,2.29516892969846,-2.35037789375728,-0.169962079950286,0.595682708931352,-0.60328663512689
M00052,3,3,3,3; 0; 0,1.02627685304815,1.34868236897014,-1.38246671586481,0.341094645942527,0.310425699894599,-0.358921313040765
M00053,8,8,8,7; 1; 0,0.0279318395943662,1.39519411640796,-1.4501769257684,-0.535146989880777,-0.136447676486709,0.14260207265262
M00055,4,4,4,4; 0; 0,0.512894268694531,0.756906170973834,-0.79745897424745,-0.0505475894597071,-0.274385563420963,0.328951415374669
M00056,1,1,1,1; 0; 0,-1.25457323319681,0.131748607531905,-0.155702899810432,-1.05079787446268,-0.359341226677713,0.313572585322016
M00058,1,1,1,1; 0; 0,0.992398886184809,1.40338692082094,-1.42298517943004,0.471269878589129,0.702379560442451,-0.758174501971028
M00060,9,9,9,5; 0; 4,3.3858662724425,-4.88387483123541,4.82442987946609,1.78203324863309,-5.35813200100969,5.36244971285381
M00061,5,5,5,5; 0; 0,0.0271384210448162,-1.65270009728052,1.60941466172976,-0.498085476436741,-2.31564520881828,2.3493777267862
M00063,3,3,3,3; 0; 0,1.05898494556343,-2.01730891551305,1.98349819934824,0.365315986251758,-2.43882324985586,2.49189404313409
M00064,4,4,4,4; 0; 0,0.537778348857362,1.79662695864029,-1.83546336024731,-0.0335087225402539,0.61025178728832,-0.544105529653457
M00065,4,4,4,2; 2; 0,2.49882954066114,3.31101425761618,-3.35118341496244,1.30928112786739,1.89875499315438,-1.81896519145803
M00066,1,1,1,1; 0; 0,1.14556065015836,1.53011408106341,-1.549857488561,0.575019533484193,0.808187052176586,-0.865471060879801
M00072,1,1,1,1; 0; 0,0.622613747689037,1.11053353085389,-1.12999711996216,0.220782553887873,0.457869365635232,-0.510393005775409
M00073,1,1,1,1; 0; 0,0.621029404099426,1.10932468846077,-1.12895875374326,0.219709341511671,0.456860074641311,-0.509514854168189
M00074,2,2,2,2; 0; 0,-0.192256016434319,-0.865095133745901,0.83763173336052,-0.368383749618679,-1.40272430167672,1.3467119678446
M00075,1,1,1,1; 0; 0,0.46481756766516,0.992341320566177,-1.01179899351845,0.113893609829591,0.359187904698769,-0.410432247405486
M00076,4,4,4,4; 0; 0,-0.803054009210121,0.385675887347507,-0.424276858817894,-0.951616362481617,-0.590243607720835,0.642831820920571
M00077,4,4,4,4; 0; 0,-1.12692565353381,0.208903850985303,-0.247556845174478,-1.17338087258228,-0.740648550838229,0.791469569775776
M00078,7,7,7,6; 1; 0,-1.42807602917501,0.665928331138596,-0.717117220080215,-1.36413005459357,-0.666323591964162,0.643235490298046
M00079,3,3,3,3; 0; 0,-1.60894821958538,0.179746589703049,-0.213192279946357,-1.61036991121159,-0.644328841001132,0.631399620618771
M00080,15,15,15,15; 0; 0,-0.117811116809422,-1.75589531007786,1.68052715932229,-0.843557517752168,-3.17194348705267,3.2141524889336
M00081,3,3,3,3; 0; 0,0.228617576966403,-0.94772825789214,0.913577488730435,-0.249596381599626,-1.56521923513567,1.58572108276451
M00082,10,10,10,9; 1; 0,0.337080576785288,1.30252698233203,-1.36417060321147,-0.393059968636657,-0.343011197899425,0.359573389299212
M00083,8,8,8,6; 1; 1,1.95813884052279,1.40182119389829,-1.45712775478328,0.807404534421443,-0.131056542506582,0.136842753282533
M00086,1,1,1,1; 0; 0,0.221013063397258,-0.838792308231865,0.819429989254367,-0.0512561803231593,-1.16966870285436,1.13824744299662
M00087,7,7,7,7; 0; 0,-2.42931693680567,0.444779638403409,-0.496980742100487,-2.01750460714835,-0.847305171199211,0.825514276659928
M00088,5,5,5,4; 1; 0,3.03384835337324,3.85434967607515,-3.89823208468293,1.72287279554849,2.18339758785021,-2.237217041963
M00089,4,4,4,1; 3; 0,2.22813758365672,3.48157417631613,-3.52156282569048,1.12393032521028,2.0438744102188,-1.96226991139198
M00090,1,1,1,1; 0; 0,1.01631185874206,1.42298517943004,-1.44259367018148,0.48746819457848,0.718742608283326,-0.774757502607142
M00091,1,1,1,0; 1; 0,2.13385460308242,2.39928012406147,-2.41961301456726,1.24447615170685,1.5338742587245,-1.60102774516804
M00092,1,1,1,1; 0; 0,-0.0747061916284526,-0.649293303091397,0.628348357830385,-0.251572302694544,-1.01145151893212,0.976648732742954
M00093,3,3,3,1; 0; 2,2.15815047631445,-2.92061104224858,2.88621876526756,1.17928159320559,-3.17661554144116,3.25645627609924
M00094,1,1,1,1; 0; 0,-8.20953,-0.0194347295078171,0,-5.76198913816822,-0.485567756598869,0.445251321810781
M00095,6,6,6,5; 1; 0,2.72867985453779,3.36333206707447,-3.41113864825185,1.39026514942031,1.68085030104897,-1.7426350259059
M00096,9,9,9,8; 1; 0,1.36306674170431,-0.39318984508692,0.334659107205604,0.339833635444784,-1.70806643735406,1.69137621190154
M00097,1,1,1,1; 0; 0,1.10427984797787,1.495684540193,-1.51549493145384,0.547056490562091,0.779441017355905,-0.836410471077666
M00098,2,2,2,2; 0; 0,-0.828864623075199,1.15200299918034,-1.17955296781565,-0.783542850967763,0.278257946723092,-0.306875714651754
M00099,1,1,1,1; 0; 0,-8.20953,-0.0194347295078171,0,-5.76198913816822,-0.485567756598869,0.445251321810781
M00101,2,2,2,2; 0; 0,-0.0926339900018232,1.01893037528025,-1.04726483489806,-0.303416059052062,0.167359664248596,-0.198432483347543
M00102,1,1,1,1; 0; 0,-0.0240944161475367,0.659442978131158,-0.679127843150001,-0.217288587859043,0.0812432356309293,-0.129090558842751
M00104,2,2,2,2; 0; 0,0.656708814784061,1.43467901882771,-1.46218512938587,0.185261728511692,0.513830705092659,-0.538563502476707
M00105,2,2,2,2; 0; 0,0.656708814784061,1.43467901882771,-1.46218512938587,0.185261728511692,0.513830705092659,-0.538563502476707
M00106,1,1,1,1; 0; 0,0.359770780909119,0.916300553549985,-0.935693059478105,0.0427363732515594,0.295699676823,-0.34606907083054
M00107,1,1,1,1; 0; 0,-0.993917208354179,-0.221311219073683,0.202061798641593,-0.874233097966556,-0.654119193877096,0.616136015481653
M00110,1,1,1,1; 0; 0,-0.993917208354179,-0.221311219073683,0.202061798641593,-0.874233097966556,-0.654119193877096,0.616136015481653
M00112,2,2,2,2; 0; 0,1.02921395227483,1.68918208397421,-1.71675065776756,0.428187910337293,0.725925063662103,-0.747243660458615
M00113,1,1,1,1; 0; 0,-0.993917208354179,0.202061798641593,-0.221311219073683,-0.874233097966556,-0.300635086865976,0.258087295104206
M00114,7,7,7,6; 0; 1,0.631018503520252,-0.971043111649851,0.919541017836804,-0.0204374839899258,-2.00597282621619,1.99843150340117
M00115,6,6,6,6; 0; 0,2.58950949529264,-0.552130925601626,0.503978949726025,1.29454156872644,-1.58949453578964,1.61336130144247
M00116,9,9,9,6; 1; 2,4.53852485346702,-3.14240575560274,3.08266730603862,2.60384664854282,-3.94265166276629,3.93829272297685
M00117,9,9,9,6; 3; 0,1.6521562483075,1.93636163628416,-1.99536037464201,0.545946385751668,0.185412100361918,-0.213770667614269
M00118,2,2,2,2; 0; 0,-2.09753403092944,-0.299649795785677,0.272293444807295,-1.61089523951465,-0.931501032944301,0.88327575902837
M00119,5,5,5,5; 0; 0,0.662995713096801,-1.0770030179694,1.03354507680108,-0.0283984948623799,-1.84532336602885,1.86981167120429
M00120,8,8,8,5; 2; 1,1.98447804915929,2.23428641713618,-2.28949659068724,0.825724717016796,0.546154725782058,-0.552841592197987
M00121,17,17,17,16; 1; 0,1.92487980156252,3.52258227108897,-3.60317035907717,0.525296886338059,1.05828102778495,-1.05496010749115
M00122,9,9,9,9; 0; 0,-0.613479043310313,1.84965532105042,-1.90824201754158,-1.06938834789075,0.11493649667065,-0.142538101761717
M00123,4,4,4,3; 1; 0,0.220441950530036,0.741417597208365,-0.78036488650549,-0.250798356089752,-0.287563881123836,0.343329111869336
M00124,6,6,6,6; 0; 0,-0.484158758550951,-0.223502314972688,0.175960229499198,-0.819576212666213,-1.31501131834688,1.33218721335088
M00125,8,8,8,7; 1; 0,-1.78675505638309,0.324761693316964,-0.379659467661241,-1.79734874189698,-1.00724549316809,1.02961165370965
M00126,10,10,10,7; 1; 2,1.80125071379118,-1.4285351261972,1.36630547684264,0.59230942855213,-2.5873259232603,2.58803126329879
M00127,6,6,6,6; 0; 0,-0.536556490017755,-0.133846333861763,0.0864538713035922,-0.85561620353383,-1.24012720490582,1.25546333421787
M00128,1,1,1,1; 0; 0,-1.37140380169594,-0.126325741800816,0.106891012292997,-1.12993728137805,-0.574813581077263,0.535649596074673
M00129,4,4,4,4; 0; 0,0.100838547935572,0.502418445041644,-0.541210253982319,-0.33269434929447,-0.490914222198635,0.544480104751586
M00131,1,1,1,1; 0; 0,-0.314458395137671,0.491018243181651,-0.510303629358494,-0.413977120509963,-0.0593785436064277,0.0136849398013995
M00133,7,7,7,6; 0; 1,2.65875369531077,1.10585802078889,-1.15784757384402,1.30279108521715,-0.306298086045237,0.278299180177255
M00134,2,2,2,2; 0; 0,-0.223294288573108,0.876443001916145,-0.903902055593168,-0.388625105192806,0.0486154438577364,-0.0809108077921087
M00135,3,3,3,2; 1; 0,0.467797241238592,2.07885082549807,-2.11333235595026,-0.0724765437283402,0.906807179402364,-0.977930435993633
M00136,4,4,4,4; 0; 0,-4.32579637708864,-0.943180810727685,0.903287737163658,-3.36374242882735,-1.72088972233391,1.75943547513221
M00138,1,1,1,0; 1; 0,2.31189904464797,2.56251787950241,-2.58301797665485,1.3650809873341,1.67016530656672,-1.73922015500681
M00140,3,3,3,3; 0; 0,2.23256426523769,2.86279665779298,-2.89699740866701,1.23438727398986,1.54711253789617,-1.64165819984677
M00141,1,1,1,1; 0; 0,1.13481500266743,1.52113318033533,-1.54079526586296,0.567740580892602,0.800688686571823,-0.857807092924737
M00144,14,14,14,3; 3; 8,7.54549971386064,-2.73797653780781,2.66262284640247,4.51824667498842,-4.02554136646705,4.04060100872066
M00145,2,2,2,2; 0; 0,1.40158407158325,2.00112858614125,-2.02893126838633,0.671026041158453,0.985890865044547,-1.00315379706256
M00149,4,4,4,4; 0; 0,1.32019384578158,-1.51089840099826,1.47179183397391,0.502234348554759,-2.20392727526695,2.23759959148036
M00150,4,4,4,4; 0; 0,-0.518723468652917,1.25703572297971,-1.29600226968761,-0.756926817600356,0.151145297504585,-0.0903692468034339
M00151,1,1,1,1; 0; 0,-1.2740290013003,0.127337310871978,-0.146927666390746,-1.06397694196679,-0.363024322187697,0.320993844980668
M00152,1,1,1,1; 0; 0,-1.2740290013003,0.127337310871978,-0.146927666390746,-1.06397694196679,-0.363024322187697,0.320993844980668
M00153,2,2,2,1; 0; 1,1.48777203894482,-2.11451922871188,2.08667543012487,0.727232819866234,-2.44395263364386,2.37061586254743
M00154,1,1,1,1; 0; 0,1.40925451058827,1.75429505744788,-1.77622374566597,0.753642097678968,0.995361030985595,-1.05691015903124
M00155,6,6,6,6; 0; 0,-1.28293705742652,-0.13539800928233,0.0863127183738069,-1.36898859734101,-1.24142322371882,1.25534233945792
M00156,1,1,1,0; 1; 0,2.27419717301456,2.52782767045762,-2.54898104008485,1.33954226233261,1.641201633746,-1.71043494415369
M00157,8,8,8,8; 0; 0,0.853919609071089,2.56855925649785,-2.62348968791578,0.0393671106444872,0.818086005527388,-0.82958166309085
M00159,8,8,8,6; 2; 0,3.66695272878397,4.75951043124575,-4.81563906092145,1.99596653286532,2.60042691586414,-2.64595325258581
M00161,4,4,4,4; 0; 0,1.42547385220121,1.62820251763412,-1.66986863890775,0.574322688044306,0.466949322767249,-0.404825172580354
M00162,2,2,2,2; 0; 0,-1.19300512376988,-0.57206547559789,0.538902259621202,-1.02101410325087,-1.15852316661004,1.1018284041898
M00163,2,2,2,1; 1; 0,1.618628007699,2.2351655013433,-2.26354855532861,0.812569470718011,1.18092941745953,-1.1954813789455
M00164,8,8,8,8; 0; 0,0.853919609071089,2.56855925649785,-2.62348968791578,0.0393671106444872,0.818086005527388,-0.82958166309085
M00165,12,12,12,11; 1; 0,0.0365200904301592,2.44197573031712,-2.50990714592716,-0.659655843661248,0.413016636148522,-0.412106855985254
M00166,3,3,3,3; 0; 0,0.589308025013926,1.66055312281784,-1.69455404789114,0.017505898497215,0.565153139750497,-0.623244733224718
M00167,9,9,9,8; 1; 0,-0.298067378796033,1.8610298980437,-1.9198398969777,-0.844508633591244,0.124181846080009,-0.152021139989027
M00168,2,2,2,2; 0; 0,1.55455387056532,-0.0833501405692378,0.05556637068544,0.770784045710174,-0.751244120888982,0.705613683749684
M00169,2,2,2,2; 0; 0,1.21525565050851,-0.0552814342246881,0.0276406070543237,0.549513483768821,-0.727852598022275,0.682721531762911
M00170,6,6,6,5; 1; 0,1.68072651238493,-0.0526223257221762,0.00453334657966236,0.669466217413002,-1.17228579862935,1.18524194923318
M00171,7,7,7,6; 1; 0,2.13832907061136,0.215823631310151,-0.267826080658711,0.963180304524904,-1.03467602664762,1.01526035582006
M00172,4,4,4,3; 1; 0,2.26629674509187,1.71938023149654,-1.75895314404521,1.15005903357309,0.544527084212235,-0.479753416577843
M00173,32,32,32,28; 3; 1,2.36527433955927,1.16623550596881,-1.27687000383963,0.563347552397907,-1.61416345451607,1.57741929313047
M00174,10,10,10,9; 1; 0,0.348565121500789,1.33587494749912,-1.3982762760715,-0.38533100421013,-0.315606720699298,0.331738296441896
M00175,4,4,4,3; 1; 0,2.44929119987957,3.21316715450009,-3.25264285899758,1.27536075827911,1.81550264011692,-1.73608354094441
M00176,8,8,8,8; 0; 0,1.29769545730679,2.0477785980871,-2.1033791178794,0.348034492542268,0.394430433693664,-0.398628337353377
M00177,4,4,4,4; 0; 0,1.09150147913654,2.22321680148644,-2.26477743036142,0.345641909723931,0.973212029010416,-0.905198060250392
M00178,55,55,55,52; 3; 0,-4.58212278653569,3.19954985009561,-3.34338825102143,-4.75902867024957,-0.819725148551828,0.781382698948382
M00179,34,34,34,34; 0; 0,-5.23026870552529,1.61437565583804,-1.72725130715846,-4.67907549287855,-1.36785028303927,1.36196860158378
M00183,5,5,5,5; 0; 0,-0.808234252090251,1.17270243060546,-1.21595514956352,-1.11514794350119,-0.00740260816557979,-0.0035012781536473
M00185,4,4,4,4; 0; 0,0.834034186683973,1.93030447394746,-1.96913759118097,0.169346426687993,0.723990133576606,-0.656537824990538
M00186,3,3,3,3; 0; 0,2.36854755269356,2.97713274754832,-3.01099956729259,1.33508704669286,1.64049910610492,-1.73821271322806
M00187,1,1,1,1; 0; 0,-1.53050084493815,-0.0987170374879622,0.0789736299903703,-1.23770741214029,-0.551762423395017,0.512039723476544
M00188,3,3,3,3; 0; 0,1.68511272673932,2.4088810500761,-2.44282683309312,0.828982709031235,1.17636677466625,-1.25699689654057
M00189,4,4,4,3; 0; 1,1.73390237119996,0.280957862775091,-0.320611056885296,0.785512832706894,-0.679342024265113,0.730024273630666
M00190,3,3,3,2; 1; 0,2.32931448187944,2.97087547598165,-3.00521946471089,1.30603376090063,1.63538833907403,-1.73331723581958
M00191,3,3,3,3; 0; 0,-0.139036343317832,-1.24654859498595,1.21290151516439,-0.521855325317266,-1.80928745411959,1.83923457815874
M00192,3,3,3,3; 0; 0,-2.49261009183922,-0.344215648000733,0.310596812260919,-2.26474848483699,-1.07228676185392,1.07502456177977
M00193,4,4,4,4; 0; 0,-1.00822080182509,-0.994586026802774,0.955916039564975,-1.09210014379009,-1.76462740143078,1.80370070708713
M00194,12,12,12,10; 2; 0,1.93250621385349,2.69073832014158,-2.75865997110323,0.656951662436914,0.61928991385834,-0.612600401234465
M00197,12,12,12,10; 2; 0,1.93250621385349,2.69073832014158,-2.75865997110323,0.656951662436914,0.61928991385834,-0.612600401234465
M00198,4,4,4,3; 0; 1,0.773230018800219,-2.00895410137589,1.96987961342535,0.127712011514114,-2.62769361764874,2.6565371229098
M00199,3,3,3,1; 2; 0,2.99245645965555,3.53124885718386,-3.56596202305644,1.79711062542738,2.09308587882712,-2.20824003996624
M00200,2,2,2,2; 0; 0,3.68733318963411,4.08755570217967,-4.11660851368166,2.16165865256261,2.72464957360206,-2.71452776090208
M00202,4,4,4,4; 0; 0,0.419418802634124,1.24186518261303,-1.28229620011772,-0.114553010436294,0.1382375757412,-0.0788411845057959
M00205,3,3,3,1; 2; 0,3.22555869897324,3.82672447263294,-3.86204329413662,1.96972994472033,2.33442222131708,-2.4590070727586
M00206,1,1,1,1; 0; 0,4.23139949739687,4.38474658199443,-4.40419113446447,2.66532397472885,3.19158698135,-3.27939558295062
M00207,4,4,4,1; 3; 0,3.23746873366869,3.9721172522133,-4.01231934283811,1.81504926672538,2.46124870168066,-2.37504117844288
M00208,3,3,3,3; 0; 0,-10.2209788871025,-0.0944330076240145,0.0611037256667022,-7.98784134138006,-0.868271182583923,0.863715549226612
M00209,3,3,3,3; 0; 0,0.367227749686999,0.966424937935366,-1.00003538790982,-0.146951320221648,-0.00179163876913331,-0.0350198078619949
M00210,3,3,3,3; 0; 0,2.69833142414991,-3.29685981174876,3.26239961064948,1.57930206397978,-3.48392517089912,3.57506391394675
M00211,2,2,2,2; 0; 0,-0.54789887952894,-0.68086673348922,0.653596095944665,-0.600313336971664,-1.24919450288934,1.1958487062931
M00212,3,3,3,3; 0; 0,1.9285765241368,2.61346472258506,-2.64753055739203,1.00927507817469,1.34346508219134,-1.43037140738587
M00213,3,3,3,3; 0; 0,-1.15118360012415,0.651682245323915,-0.685209766917306,-1.2713812458127,-0.258864799086754,0.231622815412626
M00214,3,3,3,3; 0; 0,1.93741520420208,2.61214600431925,-2.64619137147755,1.01582039039813,1.34238798944187,-1.42923717935143
M00215,3,3,3,3; 0; 0,-0.260638822011012,0.562107340432826,-0.59555290917847,-0.611905670426756,-0.332027113656928,0.307557993962186
M00216,3,3,3,2; 1; 0,1.62462701316041,2.39116604492062,-2.42517551516583,0.784191192932974,1.16189764649499,-1.24204705319062
M00217,3,3,3,3; 0; 0,-0.308595668301652,1.01805559347355,-1.05150724413426,-0.647419178089138,0.0403788582751188,-0.0786140703785955
M00219,4,4,4,4; 0; 0,0.929279331996247,-2.03728025207341,1.99842088723488,0.234563599478003,-2.65179467555399,2.68054295338167
M00220,4,4,4,4; 0; 0,0.190457660782161,1.13056613796757,-1.16941820646616,-0.271329487614215,0.0435397557499198,0.0160995668316004
M00221,3,3,3,2; 1; 0,2.22199508275718,2.87872619513493,-2.91300124625233,1.22656047193679,1.5601233451461,-1.65521270415541
M00222,4,4,4,4; 0; 0,1.52042467073168,1.24798690644907,-1.28702781754763,0.6393383265669,0.143446190996687,-0.0828209089791383
M00223,3,3,3,1; 2; 0,3.21722797761183,3.72556334798238,-3.76040606092808,1.96356079141303,2.25179660164207,-2.37292507473169
M00224,2,2,2,2; 0; 0,0.781935620453283,-1.52964916463764,1.50214306732017,0.266927366651232,-1.95654144661203,1.89144530638033
M00225,4,4,4,4; 0; 0,-5.33602268525512,0.199065516620184,-0.237964724461893,-4.05547431165138,-0.749019411699523,0.799537423552332
M00226,4,4,4,4; 0; 0,-5.47964879012693,-0.0864107470032077,0.0476034506453088,-4.15381936081762,-0.991914397101313,1.0397264650622
M00227,3,3,3,3; 0; 0,-2.02368124374163,-0.539462298450102,0.506080365580098,-1.91749236755398,-1.23175884699113,1.2405900176653
M00228,3,3,3,0; 3; 0,3.21869707961636,3.72431341427718,-3.75914018265366,1.9646487062642,2.25077569022672,-2.37185293485064
M00229,5,5,5,5; 0; 0,-2.88430868816532,0.212779853490921,-0.25621467834876,-2.64867621720709,-0.79162155182242,0.795740363024166
M00230,4,4,4,4; 0; 0,-1.81251006288126,-0.568388463915486,0.529844159800702,-1.64282082923262,-1.4020009276853,1.44533515610627
M00232,4,4,4,4; 0; 0,-0.460532674535053,-1.16758031881485,1.12888413852425,-0.717081856869496,-1.91181808376471,1.94918275138431
M00233,4,4,4,0; 3; 1,5.63023809043902,6.07359350697361,-6.11253906313977,3.4534493350491,4.24927141762736,-4.14151869783038
M00234,3,3,3,2; 1; 0,0.664604888093914,1.21904498869748,-1.253140030152,0.0732655226338504,0.204541459134382,-0.249387639672112
M00236,3,3,3,3; 0; 0,1.85169010682493,2.54471508839768,-2.57873207805618,0.95233834063799,1.28731227500592,-1.37210230289056
M00237,5,5,5,1; 4; 0,4.18173764816655,4.84729067339721,-4.89236151711782,2.57078106803696,2.99459128054796,-3.0650967270999
M00238,3,3,3,1; 2; 0,2.3585053710689,2.99266334564995,-3.02700816527237,1.32765050485036,1.65318407077394,-1.75177124936886
M00239,5,5,5,5; 0; 0,2.69188170073309,3.53390557464426,-3.57795625786124,1.47027321560296,1.92160737610149,-1.97050141921287
M00240,3,3,3,3; 0; 0,0.22011927709935,1.33047069707253,-1.36399601397043,-0.255889631902549,0.295550908011293,-0.343277489671766
M00241,3,3,3,3; 0; 0,-2.27174771379833,0.252441573474805,-0.286112713154412,-2.10119315621193,-0.584953580967649,0.569639413366198
M00242,3,3,3,3; 0; 0,0.997785417700923,1.87956190775121,-1.91327568539619,0.319995868900685,0.744033481699045,-0.808491763016661
M00243,3,3,3,1; 2; 0,3.02825225614929,3.59224720221035,-3.62608880372479,1.82361850472697,2.14290764657015,-2.25916461997953
M00244,3,3,3,3; 0; 0,-0.75659013695642,-0.896285803642377,0.862837966976744,-0.979172748765053,-1.52320245571894,1.54274707340196
M00245,4,4,4,1; 3; 0,3.98382355536688,4.66279809316806,-4.70378661841956,2.32610052513608,3.04890846243163,-2.95662861231923
M00246,4,4,4,0; 4; 0,5.14757937526047,5.61169599498778,-5.65327395126583,3.12295861320495,3.85626995401381,-3.75523459254269
M00247,3,3,3,0; 3; 0,3.39949812247573,3.88719476326183,-3.92216522573698,2.09853739406572,2.3838126887758,-2.50992754583737
M00248,2,2,2,1; 1; 0,1.50679845211147,2.27862246583868,-2.30693063793975,0.73964073975573,1.21714500097212,-1.23104385242897
M00249,3,3,3,3; 0; 0,-0.512657673818269,0.880471151279807,-0.913969350078472,-0.79853331834339,-0.0719963237245644,0.0378741136360558
M00250,2,2,2,2; 0; 0,1.61837413829401,2.16567746183695,-2.19350031500533,0.812403911859816,1.12302040501261,-1.13805931575437
M00251,2,2,2,2; 0; 0,1.38197824010648,1.96714026836812,-1.99472241672428,0.65824025835221,0.957566135624114,-0.975111082031206
M00253,2,2,2,2; 0; 0,-0.298373718265575,0.776250949633429,-0.803540176893724,-0.437587541823057,-0.0348812678633046,0.00136086832799549
M00254,2,2,2,1; 1; 0,2.21390110667942,2.68743833294758,-2.71565450876848,1.20077195848206,1.55783849736502,-1.56609535165486
M00255,2,2,2,1; 0; 1,2.02584617799347,-2.54390162814147,2.51584459121912,1.07813347326038,-2.80178559151257,2.72242739377656
M00256,2,2,2,2; 0; 0,1.29741927021923,0.207571234477319,-0.235252465612601,0.603095817037423,-0.508799958579498,0.467214867191158
M00258,2,2,2,1; 1; 0,1.32035780517185,2.02534863800634,-2.05328461494615,0.618054995185272,1.00607504774541,-1.02311745922766
M00259,3,3,3,3; 0; 0,-1.67832385879436,-0.450328479974363,0.416960187438003,-1.66174468843733,-1.1589567996533,1.16510938171327
M00260,10,10,10,8; 2; 0,0.416956335335599,2.2685252870914,-2.33038260326203,-0.339304516272585,0.450820701153442,-0.428993394051939
M00265,2,2,2,2; 0; 0,-1.36159950520741,0.312998129334139,-0.340224489545796,-1.13096155158876,-0.420940703808818,0.381164023318787
M00266,2,2,2,2; 0; 0,-1.23559267112884,-0.177001039936064,0.149768087943667,-1.04878722429536,-0.829289654129316,0.782835565929032
M00267,2,2,2,2; 0; 0,0.337760355747645,0.724712755219957,-0.752309257593428,-0.0227379030498871,-0.0778314786187633,0.043357427725129
M00268,2,2,2,2; 0; 0,-1.1239392392489,0.421986080975459,-0.449227107509617,-0.975973350969948,-0.330113783190566,0.291809098943377
M00269,2,2,2,2; 0; 0,2.16025160254674,2.62627829211612,-2.65438834198937,1.16578487271036,1.50686976100516,-1.51587239553159
M00270,3,3,3,3; 0; 0,-0.523744473707405,1.134771483236,-1.16837593145701,-0.806743431878128,0.135709181567346,-0.177596399923939
M00271,2,2,2,1; 1; 0,2.83511639545813,3.25027914032286,-3.27906947451949,1.60589243335992,2.02689123725344,-2.02795491610464
M00272,2,2,2,2; 0; 0,-1.69936388379287,0.20410092732596,-0.231318518936163,-1.35123183134698,-0.511691996712252,0.470439721000509
M00273,3,3,3,3; 0; 0,-0.0795293381353394,1.20944507822805,-1.24298320947819,-0.477788572643284,0.196700516735793,-0.240785286089654
M00274,2,2,2,2; 0; 0,0.0104511322529035,1.00931981192083,-1.03668734627905,-0.236189938840535,0.159350541568543,-0.189761584305951
M00275,3,3,3,3; 0; 0,1.51356200038764,2.27373388806317,-2.30761926499275,0.70194416279625,1.06598229597238,-1.1424823899664
M00276,4,4,4,4; 0; 0,0.702445005942649,1.82302194467368,-1.86180629056428,0.0792434160876522,0.632709730606919,-0.566262351508757
M00277,4,4,4,4; 0; 0,-0.810856626164441,-0.336764354548011,0.298205531928839,-0.956959045475651,-1.20492557735867,1.25050581287039
M00278,4,4,4,4; 0; 0,0.279865009586666,-1.0606790653984,1.02131597873671,-0.210109627047436,-1.82086208602797,1.85870805760357
M00279,3,3,3,2; 0; 1,1.9344878641039,-0.159092527930237,0.124808494113181,1.01365260575322,-0.921083297431851,0.917670518076099
M00280,3,3,3,3; 0; 0,0.838014284532858,1.74397405376295,-1.77761822221443,0.201680470769533,0.633289057940572,-0.693596216283427
M00281,2,2,2,2; 0; 0,0.374499715828235,1.37929479601797,-1.40699601437072,0.00122137044419939,0.46767534266142,-0.493322211114686
M00282,1,1,1,1; 0; 0,1.13481500266743,1.52113318033533,-1.54079526586296,0.567740580892602,0.800688686571823,-0.857807092924737
M00283,3,3,3,3; 0; 0,0.22443605370398,1.31888947503995,-1.35240142361319,-0.252692927138098,0.286091684912094,-0.333457412198713
M00287,4,4,4,4; 0; 0,-1.50744245729929,-0.0704008558251015,0.0316184905125125,-1.43393200155911,-0.978292521031363,1.02628164667014
M00290,4,4,4,3; 1; 0,2.64516552550639,3.50955046780764,-3.5487905397758,1.40948171213611,2.06767779347448,-1.98517091759199
M00291,1,1,1,1; 0; 0,1.50482145356047,1.83716871030979,-1.85703108420093,0.818377819542645,1.06455419623436,-1.12524933736548
M00292,1,1,1,1; 0; 0,1.50482145356047,1.83716871030979,-1.85703108420093,0.818377819542645,1.06455419623436,-1.12524933736548
M00295,3,3,3,2; 1; 0,1.75184845871964,2.56882064111061,-2.60310387086002,0.878402554420448,1.30700102636564,-1.39274407514096
M00296,1,1,1,1; 0; 0,0.785015356222799,1.236635908456,-1.25611048969152,0.330791151351473,0.563155211623269,-0.61704772576149
M00299,5,5,5,5; 0; 0,-1.77224904196667,-0.313919772152279,0.27067997006581,-1.82723413408164,-1.22191440448972,1.23452163375005
M00300,4,4,4,4; 0; 0,-1.11974702332591,0.369343463926548,-0.408204989821808,-1.16846545180016,-0.604139907532448,0.656349737642184
M00302,2,2,2,2; 0; 0,-2.20837721188016,-0.160723676192827,0.127650030501453,-1.68318071431681,-0.815724642563205,0.764704282598425
M00303,2,2,2,2; 0; 0,-1.85523904173898,0.170843726116309,-0.198211174412077,-1.45288454200858,-0.539407437995112,0.497579475269551
M00304,1,1,1,1; 0; 0,1.48201539815825,1.8173201985667,-1.83716871030979,0.802929313883578,1.04798220615604,-1.10845162646326
M00305,1,1,1,1; 0; 0,0.25945239104418,-0.865282584916602,0.845838032446566,-0.0252179128450232,-1.19178605896013,1.1605808598111
M00306,3,3,3,3; 0; 0,-0.562104130361029,-0.491619689819318,0.458155384053445,-0.835149927839909,-1.192682322302,1.1999997926564
M00307,9,9,9,6; 3; 0,1.95398322257691,4.04229501164189,-4.10197720158468,0.761140595027706,1.8971320086735,-1.93625174790241
M00308,3,3,3,2; 1; 0,1.54311288744893,1.51654449836425,-1.55061346054698,0.72382749615227,0.447530862664057,-0.50133376649927
M00309,1,1,1,0; 1; 0,2.00009397095092,2.27768991807343,-2.29790765364905,1.15386855447008,1.43235573112224,-1.49810090071536
M00310,4,4,4,4; 0; 0,0.0388313181421599,1.37783858885342,-1.41649529415594,-0.375152536600587,0.253929360776475,-0.191714937879867
M00311,4,4,4,4; 0; 0,-0.645119665601585,-1.09824164726295,1.05963756091949,-0.843474038347146,-1.85282188071576,1.89094002494436
M00312,1,1,1,1; 0; 0,0.701490385580259,1.17124946862102,-1.19093433363985,0.274212494547935,0.508562532523327,-0.561927918175842
M00313,2,2,2,2; 0; 0,-0.875102191352113,0.490009057613173,-0.517253211322479,-0.81369630333106,-0.273425705231053,0.236044682681654
M00314,2,2,2,1; 1; 0,1.31555705629031,0.932009093903799,-0.960555438113393,0.614924226027155,0.0949223699906225,-0.127352432821574
M00315,1,1,1,1; 0; 0,-1.04167895789779,-0.207305778724721,0.187562371227129,-0.906586244755789,-0.642425721766458,0.603873775766967
M00317,4,4,4,4; 0; 0,0.931384733280062,2.0150256555301,-2.05387270498831,0.236005230113021,0.79607441092614,-0.727807831741027
M00319,4,4,4,3; 1; 0,3.16399062450783,3.88640935926608,-3.92559330814942,1.76473662847262,2.38832488958504,-2.30209662452678
M00320,3,3,3,2; 0; 1,1.7568317538533,-2.53787748213897,2.50381359282745,0.882092836488635,-2.86400931366622,2.93257692342217
M00324,5,5,5,5; 0; 0,-2.13541824454155,0.551826897358527,-0.595172482069496,-2.09549534408946,-0.514633468688604,0.513466978227865
M00325,3,3,3,3; 0; 0,1.2033559875724,0.887880900013463,-0.921576110362181,0.472227147080369,-0.0659442450938719,0.0314315423158594
M00326,1,1,1,1; 0; 0,0.440439160815503,-0.99390990632544,0.974497593211919,0.0973800151051264,-1.2991800400192,1.26938890654246
M00328,1,1,1,1; 0; 0,0.306747785267769,0.878785338429407,-0.901033068516228,0.006819331317761,0.264377339873445,-0.316756939700493
M00330,1,1,1,1; 0; 0,-0.757377906727567,0.28507294683528,-0.307001635053378,-0.714004655330452,-0.231327123525367,0.185618473270184
M00331,13,13,13,13; 0; 0,-2.70007609171727,0.73645477764854,-0.807882560538547,-2.9317493935289,-1.10817011121608,1.01547732099815
M00332,14,14,14,14; 0; 0,-2.24229768946992,1.33462077334749,-1.40724876452655,-2.28227813946641,-0.665998612171001,0.654263110743873
M00333,11,11,11,11; 0; 0,2.19301083386563,3.17101101966131,-3.2358177835629,0.834771081268034,1.11341490272029,-1.11675697590882
M00334,7,7,7,7; 0; 0,-2.63346238135882,-0.510793715845963,0.459626595694911,-2.1507227342489,-1.62931827101921,1.61761028073188
M00335,13,13,13,12; 1; 0,1.68553532072547,1.08459796308703,-1.1551184852503,0.386694983747284,-0.808600549763473,0.737094461775468
M00336,4,4,4,4; 0; 0,-1.39183108425829,0.133032290546915,-0.171696692263387,-1.35476946926012,-0.805203205334496,0.855274919968133
M00338,2,2,2,0; 2; 0,3.53846369258101,3.87791665279978,-3.90726469007822,2.06457462641196,2.5499433881039,-2.54291810715273
M00339,1,1,1,1; 0; 0,-2.42395867027315,0.00962080867884164,-0.0288624893176815,-1.84292335270499,-0.461308603228482,0.420842167389765
M00342,2,2,2,0; 2; 0,4.61095168854822,4.88217165336948,-4.90975645062772,2.76398891011579,3.38685598113447,-3.36471098813292
M00343,1,1,1,0; 1; 0,2.17521637163588,2.43706657598717,-2.45648543316636,1.27249404012717,1.56542305767289,-1.63221093763475
M00344,3,3,3,2; 1; 0,0.657077629864444,1.88052829455182,-1.91449645138141,0.0676913582864087,0.744822799814299,-0.809525694891955
M00345,5,5,5,4; 1; 0,2.19151737768618,3.16413939888594,-3.20809858542492,1.1006704580078,1.6195229719354,-1.66249559682001
M00346,7,7,7,7; 0; 0,1.24214765254863,1.0406450408611,-1.09247891694672,0.378363874660607,-0.359666468864877,0.332426145206843
M00347,16,16,16,10; 6; 0,3.86516508360292,4.74712557069122,-4.82685372870654,1.87442096501266,2.12293617061308,-2.14860094928691
M00348,4,4,4,4; 0; 0,-0.0443484305378835,1.40824763259613,-1.44695196836774,-0.432108174859212,0.27980263003613,-0.217331795864004
M00349,4,4,4,4; 0; 0,0.230827962346272,-0.0061726318290535,-0.032706538528409,-0.243686746096427,-0.923644497647941,0.972178394216907
M00350,2,2,2,2; 0; 0,-0.206603595357161,1.16575403680064,-1.19352568444795,-0.377740405984939,0.28971760243318,-0.318329852738722
M00353,1,1,1,1; 0; 0,1.24587340032622,1.6145626539007,-1.63594758971395,0.642969999328185,0.878695155217362,-0.938277898503327
M00354,1,1,1,1; 0; 0,-1.61004341769397,-0.0865892092557421,0.0673465606836246,-1.29158844784256,-0.541636613876533,0.502206651663214
M00355,3,3,3,3; 0; 0,-0.713281551453407,1.02232950577484,-1.05699814265181,-0.947101420016974,0.043869672098617,-0.0832646054279304
M00356,5,5,5,1; 4; 0,4.51969339077618,5.14075728017903,-5.18583325267891,2.82041791994722,3.2343419415448,-3.30949074673759
M00357,8,8,8,3; 5; 0,3.90643790295567,4.59296474728607,-4.64958776084727,2.16253995503058,2.46494184007485,-2.50836643137394
M00358,2,2,2,1; 1; 0,1.1710809442065,1.91318103276948,-1.94104593180148,0.52070530998765,0.912598309965108,-0.931109769580095
M00359,21,21,21,18; 3; 0,-0.0300786318392327,3.75873420977417,-3.84808824440057,-0.905349395265459,1.03601308643018,-1.01536418425681
M00360,29,29,29,25; 4; 0,0.476208498404637,4.21557755614673,-4.32050335225196,-0.701948814219923,1.07019781136207,-1.0388642456841
M00361,6,6,6,5; 0; 1,1.40225252777361,-0.775513375342031,0.727572389648472,0.477927393473283,-1.77607212380806,1.80502317223442
M00362,9,9,9,8; 0; 1,1.28371701429205,0.255512822225893,-0.31415326335341,0.283259494289635,-1.18079559241313,1.16087298100941
M00364,4,4,4,3; 1; 0,0.511370084490215,1.22360992931865,-1.26227746573722,-0.0515912435408761,0.122705252926807,-0.0620035917968449
M00365,2,2,2,1; 1; 0,1.21034940087477,1.26642592596057,-1.2937949480951,0.546313913157163,0.373614194189585,-0.400525607645658
M00366,2,2,2,2; 0; 0,-0.00671295763447529,0.259671338112407,-0.28701190202659,-0.247383359819744,-0.465381471436624,0.424785055752859
M00367,1,1,1,1; 0; 0,-0.314458395137671,-0.510303629358494,0.491018243181651,-0.413977120509963,-0.895405765784279,0.860507954370689
M00368,1,1,1,1; 0; 0,-0.723960760851361,-0.317583194013338,0.298325049743099,-0.691368344137059,-0.734498933888367,0.697546337901979
M00373,8,8,8,7; 1; 0,-1.00764377150389,1.95801580530355,-2.01335524444838,-1.25543948417876,0.321408314511744,-0.324036337332781
M00374,28,28,28,23; 4; 1,2.91567508733653,2.41448064652543,-2.51887531630094,0.940680211005437,-0.443192277412319,0.411294540621052
M00375,19,19,19,17; 2; 0,-0.234610144636032,3.53698040349203,-3.62259376637598,-1.00039302363562,0.868420972802415,-0.936203746503622
M00376,27,27,27,25; 1; 1,1.06631978243401,2.43013526192657,-2.53196490784812,-0.305465979936208,-0.395719020729737,0.305839661341244
M00377,14,14,14,11; 3; 0,3.01191177154935,3.30453357673213,-3.37805466072953,1.36832682788266,0.959010142580769,-0.985546527954988
M00378,4,4,4,4; 0; 0,-4.72888947164203,0.891060954629468,-0.931121920331304,-3.63975221296657,-0.160241137527106,0.216528611631869
